<annotation>
	<folder>train</folder>
	<filename>hubban213.jpg</filename>
	<path>C:\Users\Mahuran\Desktop\New training\Images\train\hubban213.jpg</path>
	<source>
		<database>Unknown</database>
	</source>
	<size>
		<width>800</width>
		<height>800</height>
		<depth>3</depth>
	</size>
	<segmented>0</segmented>
	<object>
		<name>succeed</name>
		<pose>Unspecified</pose>
		<truncated>0</truncated>
		<difficult>0</difficult>
		<bndbox>
			<xmin>102</xmin>
			<ymin>116</ymin>
			<xmax>761</xmax>
			<ymax>644</ymax>
		</bndbox>
	</object>
</annotation>
