<annotation>
	<folder>train</folder>
	<filename>hubban263.jpg</filename>
	<path>C:\Users\Mahuran\Desktop\New training\Images\train\hubban263.jpg</path>
	<source>
		<database>Unknown</database>
	</source>
	<size>
		<width>800</width>
		<height>800</height>
		<depth>3</depth>
	</size>
	<segmented>0</segmented>
	<object>
		<name>succeed</name>
		<pose>Unspecified</pose>
		<truncated>0</truncated>
		<difficult>0</difficult>
		<bndbox>
			<xmin>265</xmin>
			<ymin>268</ymin>
			<xmax>781</xmax>
			<ymax>763</ymax>
		</bndbox>
	</object>
</annotation>
